{
  "6140666279355733": {
    "namebox": "⚔💀 ملوك الضلام 💀⚔",
    "status": true
  },
  "6506771886111019": {
    "namebox": "فريـق‌🇭‌🇦‌🇨‌🇭‌🇮‌🇷‌🇦ممنوع السب قدام لين",
    "status": true
  },
  "7165135193549206": {
    "namebox": "hi",
    "status": true
  },
  "6923781001021850": {
    "namebox": "نـــــــٌآًسًــــــــخـــــــ",
    "status": true
  },
  "5618214411569454": {
    "namebox": "Group Wsf",
    "status": true
  },
  "4390079687768246": {
    "namebox": "㊗️Bleach⚜souls㊗️",
    "status": true
  },
  "7460770400606097": {
    "namebox": "M-SyR_",
    "status": true
  },
  "7184012308276896": {
    "namebox": "9hab",
    "status": true
  },
  "7120606291284982": {
    "namebox": "🧊『 𝐺𝑟𝑒𝑎𝑡 𝑓𝑟𝑖𝑒𝑛𝑑𝑠 』🧊",
    "status": true
  },
  "6912158128833747": {
    "namebox": "𝐒𝐎𝐍𝐆 <3`",
    "status": true
  },
  "7227792443909065": {
    "namebox": "https://www.facebook.com/profile.php?id=61553357888181",
    "status": true
  },
  "7238194009546715": {
    "namebox": "ⓙⓢⓙⓓⓙⓑⓓⓑⓓⓑⓓⓑⓑ",
    "status": true
  },
  "6879559692132491": {
    "namebox": "♤ Choujin X ♤",
    "status": true
  },
  "6928586533846178": {
    "namebox": "AI",
    "status": true
  },
  "6917030701737180": {
    "namebox": "ايزانا دير ميزة",
    "status": true
  },
  "4155290184575875": {
    "namebox": "𝗧𝗵𝗲 𝗕𝗲𝘀𝘁 𝗕𝗿𝗼𝘁𝗵𝗲𝗿𝘀",
    "status": true
  },
  "6791180520933203": {
    "namebox": "ฅ^•ﻌ•^ฅ",
    "status": true
  },
  "7453904201290330": {
    "namebox": "❤️❤️❤️",
    "status": true
  },
  "7023845154348857": {
    "namebox": "▄▄▄▄▄▄▄▄",
    "status": true
  },
  "4803899149733977": {
    "namebox": "chat bot",
    "status": true
  },
  "6605491646187263": {
    "namebox": "ت",
    "status": true
  },
  "6735202963207254": {
    "namebox": "3GM",
    "status": true
  },
  "5804906479609458": {
    "namebox": "⳹❤️𝑱𝒖𝑺𝒕 𝒈𝒓𝒐𝒖𝒑𝑬 𝒇𝒆𝒆𝑵🥺⳼",
    "status": true
  },
  "7477986928896994": {
    "namebox": "🌚كيف قمرة مدوية لي ليلي💍🙄 وحيد القرن",
    "status": true
  },
  "24033281419620670": {
    "namebox": "BOT WSF",
    "status": true
  },
  "6916592725072385": {
    "namebox": "Just A Group¹",
    "status": true
  },
  "6885617361527192": {
    "namebox": "Shelly *~*",
    "status": true
  },
  "6760889904026702": {
    "namebox": "test",
    "status": true
  },
  "7110692138953686": {
    "namebox": "𝚌𝚑𝚊𝚝 𝚋𝚘𝚝 𝚌𝚘𝚖𝚞𝚗𝚒𝚝𝚢",
    "status": false
  },
  "6846496585387527": {
    "namebox": "مافيش قوانين",
    "status": true
  },
  "24340331468914707": {
    "namebox": "الكسولات",
    "status": true
  },
  "7675953409086239": {
    "namebox": "Shelly w xeun",
    "status": true
  },
  "6622658854511568": {
    "namebox": "Brother From Another Mother ❤❤",
    "status": true
  }
}