[
  {
    "senderID": "100052116337880",
    "money": 10000
  },
  {
    "senderID": "61551857494671",
    "money": 5000000
  },
  {
    "senderID": "100076476705238",
    "money": 534
  },
  {
    "senderID": "100075085058816",
    "money": 68000
  },
  {
    "senderID": "100050551321856",
    "money": 0
  },
  {
    "senderID": "100053127248589",
    "money": 0
  },
  {
    "senderID": "100090976963843",
    "money": 19500
  },
  {
    "senderID": "100074095910411",
    "money": 28051
  },
  {
    "senderID": "100027474968357",
    "money": 569
  },
  {
    "senderID": "100046702997502",
    "money": 2000
  },
  {
    "senderID": "100051915143709",
    "money": 13386607
  },
  {
    "senderID": "61551726576543",
    "money": 0
  },
  {
    "senderID": "100093264166507",
    "money": 6200
  },
  {
    "senderID": "100083012168835",
    "money": 50
  }
]